,Loan_ID,Gender,Married,Dependents,Education,Self_Employed,ApplicantIncome,CoapplicantIncome,LoanAmount,Loan_Amount_Term,Credit_History,Property_Area,Loan_Status,Bin_LoanAmount,Normalized_Income,Graduate,Not Graduate
0,LP001002,1,0,0,0,0,5849,0.0,120.0,360.0,1.0,2,1,Middle,38.23937760999779,1,0
1,LP001003,1,1,1,0,0,4583,1508.0,128.0,360.0,1.0,0,0,Middle,33.84892908202562,1,0
2,LP001005,1,1,0,0,1,3000,0.0,66.0,360.0,1.0,2,1,Middle,27.386127875258307,1,0
3,LP001006,1,1,0,1,0,2583,2358.0,120.0,360.0,1.0,2,1,Middle,25.411611519146124,0,1
4,LP001008,1,0,0,0,0,6000,0.0,141.0,360.0,1.0,2,1,Middle,38.72983346207417,1,0
5,LP001011,1,1,2,0,1,5417,4196.0,267.0,360.0,1.0,2,1,Higher,36.800135869314396,1,0
6,LP001013,1,1,0,1,0,2333,1516.0,95.0,360.0,1.0,2,1,Middle,24.150569351466643,0,1
7,LP001014,1,1,3,0,0,3036,2504.0,158.0,360.0,0.0,1,0,Higher,27.54995462791182,1,0
8,LP001018,1,1,2,0,0,4006,1526.0,168.0,360.0,1.0,2,1,Higher,31.64648479689332,1,0
9,LP001020,1,1,1,0,0,12841,10968.0,349.0,360.0,1.0,1,0,Extreme,56.65906811799855,1,0
10,LP001024,1,1,2,0,0,3200,700.0,70.0,360.0,1.0,2,1,Middle,28.284271247461902,1,0
11,LP001027,1,1,2,0,0,2500,1840.0,109.0,360.0,1.0,2,1,Middle,25.0,1,0
12,LP001028,1,1,2,0,0,3073,8106.0,200.0,360.0,1.0,2,1,Higher,27.7173231030704,1,0
13,LP001029,1,0,0,0,0,1853,2840.0,114.0,360.0,1.0,0,0,Middle,21.523243250030884,1,0
14,LP001030,1,1,2,0,0,1299,1086.0,17.0,120.0,1.0,2,1,Lower,18.0208212909401,1,0
15,LP001032,1,0,0,0,0,4950,0.0,125.0,360.0,1.0,2,1,Middle,35.17811819867572,1,0
16,LP001034,1,0,1,1,0,3596,0.0,100.0,240.0,1.0,2,1,Middle,29.9833287011299,0,1
17,LP001036,0,0,0,0,0,3510,0.0,76.0,360.0,0.0,2,0,Middle,29.62262648719725,1,0
18,LP001038,1,1,0,1,0,4887,0.0,133.0,360.0,1.0,0,0,Middle,34.95354059319313,0,1
19,LP001041,1,1,0,0,0,2600,3500.0,115.0,360.0,1.0,2,1,Middle,25.495097567963924,1,0
20,LP001043,1,1,0,1,0,7660,0.0,104.0,360.0,0.0,2,0,Middle,43.76071297408213,0,1
21,LP001046,1,1,1,0,0,5955,5625.0,315.0,360.0,1.0,2,1,Extreme,38.58432324144095,1,0
22,LP001047,1,1,0,1,0,2600,1911.0,116.0,360.0,0.0,1,0,Middle,25.495097567963924,0,1
23,LP001050,1,1,2,1,0,3365,1917.0,112.0,360.0,0.0,0,0,Middle,29.004310024546353,0,1
24,LP001052,1,1,1,0,0,3717,2925.0,151.0,360.0,1.0,1,0,Higher,30.483602149352365,1,0
25,LP001066,1,1,0,0,1,9560,0.0,191.0,360.0,1.0,1,1,Higher,48.88762624632127,1,0
26,LP001068,1,1,0,0,0,2799,2253.0,122.0,360.0,1.0,1,1,Middle,26.452788132822597,1,0
27,LP001073,1,1,2,1,0,4226,1040.0,110.0,360.0,1.0,2,1,Middle,32.50384592629001,0,1
28,LP001086,1,0,0,1,0,1442,0.0,35.0,360.0,1.0,2,0,Lower,18.986837546047525,0,1
29,LP001087,0,0,2,0,0,3750,2083.0,120.0,360.0,1.0,1,1,Middle,30.618621784789728,1,0
30,LP001091,1,1,1,0,0,4166,3369.0,201.0,360.0,1.0,2,0,Higher,32.27227912620985,1,0
31,LP001095,1,0,0,0,0,3167,0.0,74.0,360.0,1.0,2,0,Middle,28.138052526783014,1,0
32,LP001097,1,0,1,0,1,4692,0.0,106.0,360.0,1.0,0,0,Middle,34.249087579087416,1,0
33,LP001098,1,1,0,0,0,3500,1667.0,114.0,360.0,1.0,1,1,Middle,29.58039891549808,1,0
34,LP001100,1,0,3,0,0,12500,3000.0,320.0,360.0,1.0,0,0,Extreme,55.90169943749474,1,0
35,LP001106,1,1,0,0,0,2275,2067.0,120.0,360.0,1.0,2,1,Middle,23.84848003542364,1,0
36,LP001109,1,1,0,0,0,1828,1330.0,100.0,360.0,0.0,2,0,Middle,21.37755832643195,1,0
37,LP001112,0,1,0,0,0,3667,1459.0,144.0,360.0,1.0,1,1,Middle,30.277879714405366,1,0
38,LP001114,1,0,0,0,0,4166,7210.0,184.0,360.0,1.0,2,1,Higher,32.27227912620985,1,0
39,LP001116,1,0,0,1,0,3748,1668.0,110.0,360.0,1.0,1,1,Middle,30.610455730027933,0,1
40,LP001119,1,0,0,0,0,3600,0.0,80.0,360.0,1.0,2,0,Middle,30.0,1,0
41,LP001120,1,0,0,0,0,1800,1213.0,47.0,360.0,1.0,2,1,Lower,21.213203435596427,1,0
42,LP001123,1,1,0,0,0,2400,0.0,75.0,360.0,1.0,2,1,Middle,24.49489742783178,1,0
43,LP001131,1,1,0,0,0,3941,2336.0,134.0,360.0,1.0,1,1,Middle,31.388692231439016,1,0
44,LP001136,1,1,0,1,1,4695,0.0,96.0,360.0,1.0,2,1,Middle,34.2600350262518,0,1
45,LP001137,0,0,0,0,0,3410,0.0,88.0,360.0,1.0,2,1,Middle,29.197602641312866,1,0
46,LP001138,1,1,1,0,0,5649,0.0,44.0,360.0,1.0,2,1,Lower,37.579914848227105,1,0
47,LP001144,1,1,0,0,0,5821,0.0,144.0,360.0,1.0,2,1,Middle,38.14773912042495,1,0
48,LP001146,0,1,0,0,0,2645,3440.0,120.0,360.0,0.0,2,0,Middle,25.71478174124758,1,0
49,LP001151,0,0,0,0,0,4000,2275.0,144.0,360.0,1.0,1,1,Middle,31.622776601683793,1,0
50,LP001155,0,1,0,1,0,1928,1644.0,100.0,360.0,1.0,1,1,Middle,21.95449840010015,0,1
51,LP001157,0,0,0,0,0,3086,0.0,120.0,360.0,1.0,1,1,Middle,27.7758888246623,1,0
52,LP001164,0,0,0,0,0,4230,0.0,112.0,360.0,1.0,1,0,Middle,32.5192250830182,1,0
53,LP001179,1,1,2,0,0,4616,0.0,134.0,360.0,1.0,2,0,Middle,33.97057550292606,1,0
54,LP001186,0,1,1,0,1,11500,0.0,286.0,360.0,0.0,2,0,Higher,53.61902647381804,1,0
55,LP001194,1,1,2,0,0,2708,1167.0,97.0,360.0,1.0,1,1,Middle,26.019223662515376,1,0
56,LP001195,1,1,0,0,0,2132,1591.0,96.0,360.0,1.0,1,1,Middle,23.08679276123039,1,0
57,LP001197,1,1,0,0,0,3366,2200.0,135.0,360.0,1.0,0,0,Middle,29.008619408720573,1,0
58,LP001198,1,1,1,0,0,8080,2250.0,180.0,360.0,1.0,2,1,Higher,44.94441010848846,1,0
59,LP001199,1,1,2,1,0,3357,2859.0,144.0,360.0,1.0,2,1,Middle,28.96981187374195,0,1
60,LP001205,1,1,0,0,0,2500,3796.0,120.0,360.0,1.0,2,1,Middle,25.0,1,0
61,LP001206,1,1,3,0,0,3029,0.0,99.0,360.0,1.0,2,1,Middle,27.518175811634027,1,0
62,LP001207,1,1,0,1,1,2609,3449.0,165.0,180.0,0.0,0,0,Higher,25.53918557824427,0,1
63,LP001213,1,1,1,0,0,4945,0.0,120.0,360.0,0.0,0,0,Middle,35.16034698349833,1,0
64,LP001222,0,0,0,0,0,4166,0.0,116.0,360.0,0.0,1,0,Middle,32.27227912620985,1,0
65,LP001225,1,1,0,0,0,5726,4595.0,258.0,360.0,1.0,1,0,Higher,37.83516882478523,1,0
66,LP001228,1,0,0,1,0,3200,2254.0,126.0,180.0,0.0,2,0,Middle,28.284271247461902,0,1
67,LP001233,1,1,1,0,0,10750,0.0,312.0,360.0,1.0,2,1,Extreme,51.8411033833193,1,0
68,LP001238,1,1,3,1,1,7100,0.0,125.0,60.0,1.0,2,1,Middle,42.13074886588179,0,1
69,LP001241,0,0,0,0,0,4300,0.0,136.0,360.0,0.0,1,0,Middle,32.78719262151,1,0
70,LP001243,1,1,0,0,0,3208,3066.0,172.0,360.0,1.0,2,1,Higher,28.319604517012593,1,0
71,LP001245,1,1,2,1,1,1875,1875.0,97.0,360.0,1.0,1,1,Middle,21.650635094610966,0,1
72,LP001248,1,0,0,0,0,3500,0.0,81.0,300.0,1.0,1,1,Middle,29.58039891549808,1,0
73,LP001250,1,1,3,1,0,4755,0.0,95.0,360.0,0.0,1,0,Middle,34.478254016118626,0,1
74,LP001253,1,1,3,0,1,5266,1774.0,187.0,360.0,1.0,1,1,Higher,36.28360511305347,1,0
75,LP001255,1,0,0,0,0,3750,0.0,113.0,480.0,1.0,2,0,Middle,30.618621784789728,1,0
76,LP001256,1,0,0,0,0,3750,4750.0,176.0,360.0,1.0,2,0,Higher,30.618621784789728,1,0
77,LP001259,1,1,1,0,1,1000,3022.0,110.0,360.0,1.0,2,0,Middle,15.811388300841896,1,0
78,LP001263,1,1,3,0,0,3167,4000.0,180.0,300.0,0.0,1,0,Higher,28.138052526783014,1,0
79,LP001264,1,1,3,1,1,3333,2166.0,130.0,360.0,1.0,1,1,Middle,28.86607004772212,0,1
80,LP001265,0,0,0,0,0,3846,0.0,111.0,360.0,1.0,1,1,Middle,31.008063467427306,1,0
81,LP001266,1,1,1,0,1,2395,0.0,120.0,360.0,1.0,1,1,Middle,24.469368606484313,1,0
82,LP001267,0,1,2,0,0,1378,1881.0,167.0,360.0,1.0,2,0,Higher,18.560711193270585,1,0
83,LP001273,1,1,0,0,0,6000,2250.0,265.0,360.0,1.0,1,0,Higher,38.72983346207417,1,0
84,LP001275,1,1,1,0,0,3988,0.0,50.0,240.0,1.0,2,1,Lower,31.575306807693888,1,0
85,LP001279,1,0,0,0,0,2366,2531.0,136.0,360.0,1.0,1,1,Middle,24.320773014030618,1,0
86,LP001280,1,1,2,1,0,3333,2000.0,99.0,360.0,1.0,1,1,Middle,28.86607004772212,0,1
87,LP001282,1,1,0,0,0,2500,2118.0,104.0,360.0,1.0,1,1,Middle,25.0,1,0
88,LP001289,1,0,0,0,0,8566,0.0,210.0,360.0,1.0,2,1,Higher,46.27634384866635,1,0
89,LP001310,1,1,0,0,0,5695,4167.0,175.0,360.0,1.0,1,1,Higher,37.73261188945181,1,0
90,LP001316,1,1,0,0,0,2958,2900.0,131.0,360.0,1.0,1,1,Middle,27.193749281774295,1,0
91,LP001318,1,1,2,0,0,6250,5654.0,188.0,180.0,1.0,1,1,Higher,39.528470752104745,1,0
92,LP001319,1,1,2,1,0,3273,1820.0,81.0,360.0,1.0,2,1,Middle,28.605069480775605,0,1
93,LP001322,1,0,0,0,0,4133,0.0,122.0,360.0,1.0,1,1,Middle,32.14420632089086,1,0
94,LP001325,1,0,0,1,0,3620,0.0,25.0,120.0,1.0,1,1,Lower,30.083217912982647,0,1
95,LP001326,1,0,0,0,0,6782,0.0,120.0,360.0,1.0,2,0,Middle,41.176449579826574,1,0
96,LP001327,0,1,0,0,0,2484,2302.0,137.0,360.0,1.0,1,1,Middle,24.919871588754223,1,0
97,LP001333,1,1,0,0,0,1977,997.0,50.0,360.0,1.0,1,1,Lower,22.23173407541571,1,0
98,LP001334,1,1,0,1,0,4188,0.0,115.0,180.0,1.0,1,1,Middle,32.357379374726875,0,1
99,LP001343,1,1,0,0,0,1759,3541.0,131.0,360.0,1.0,1,1,Middle,20.97021697551077,1,0
100,LP001345,1,1,2,1,0,4288,3263.0,133.0,180.0,1.0,2,1,Middle,32.7414110874898,0,1
101,LP001349,1,0,0,0,0,4843,3806.0,151.0,360.0,1.0,1,1,Higher,34.79583308386221,1,0
102,LP001350,1,1,0,0,0,13650,0.0,120.0,360.0,1.0,2,1,Middle,58.41660722773961,1,0
103,LP001356,1,1,0,0,0,4652,3583.0,120.0,360.0,1.0,1,1,Middle,34.10278580995987,1,0
104,LP001357,1,1,0,0,0,3816,754.0,160.0,360.0,1.0,2,1,Higher,30.886890422961002,1,0
105,LP001367,1,1,1,0,0,3052,1030.0,100.0,360.0,1.0,2,1,Middle,27.622454633866266,1,0
106,LP001369,1,1,2,0,0,11417,1126.0,225.0,360.0,1.0,2,1,Higher,53.42518132865812,1,0
107,LP001370,1,0,0,1,0,7333,0.0,120.0,360.0,1.0,0,0,Middle,42.81646879414509,0,1
108,LP001379,1,1,2,0,0,3800,3600.0,216.0,360.0,0.0,2,0,Higher,30.822070014844883,1,0
109,LP001384,1,1,3,1,0,2071,754.0,94.0,480.0,1.0,1,1,Middle,22.754120505965506,0,1
110,LP001385,1,0,0,0,0,5316,0.0,136.0,360.0,1.0,2,1,Middle,36.45545226711637,1,0
111,LP001387,0,1,0,0,0,2929,2333.0,139.0,360.0,1.0,1,1,Middle,27.060118255469618,1,0
112,LP001391,1,1,0,1,0,3572,4114.0,152.0,360.0,0.0,0,0,Higher,29.88310559496787,0,1
113,LP001392,0,0,1,0,1,7451,0.0,120.0,360.0,1.0,1,1,Middle,43.159587579123134,1,0
114,LP001398,1,0,0,0,0,5050,0.0,118.0,360.0,1.0,1,1,Middle,35.531676008879735,1,0
115,LP001401,1,1,1,0,0,14583,0.0,185.0,180.0,1.0,0,1,Higher,60.38004637295337,1,0
116,LP001404,0,1,0,0,0,3167,2283.0,154.0,360.0,1.0,1,1,Higher,28.138052526783014,1,0
117,LP001405,1,1,1,0,0,2214,1398.0,85.0,360.0,1.0,2,1,Middle,23.526580712037184,1,0
118,LP001421,1,1,0,0,0,5568,2142.0,175.0,360.0,1.0,0,0,Higher,37.30951621235526,1,0
119,LP001422,0,0,0,0,0,10408,0.0,259.0,360.0,1.0,2,1,Higher,51.0098029794274,1,0
120,LP001426,1,1,0,0,0,5667,2667.0,180.0,360.0,1.0,0,1,Higher,37.639739637781766,1,0
121,LP001430,0,0,0,0,0,4166,0.0,44.0,360.0,1.0,1,1,Lower,32.27227912620985,1,0
122,LP001431,0,0,0,0,0,2137,8980.0,137.0,360.0,0.0,1,1,Middle,23.11384866265244,1,0
123,LP001432,1,1,2,0,0,2957,0.0,81.0,360.0,1.0,1,1,Middle,27.189152248645048,1,0
124,LP001439,1,1,0,1,0,4300,2014.0,194.0,360.0,1.0,0,1,Higher,32.78719262151,0,1
125,LP001443,0,0,0,0,0,3692,0.0,93.0,360.0,1.0,0,1,Middle,30.380915061926625,1,0
126,LP001448,1,1,3,0,0,23803,0.0,370.0,360.0,1.0,0,1,Extreme,77.14110447744444,1,0
127,LP001449,1,0,0,0,0,3865,1640.0,120.0,360.0,1.0,0,1,Middle,31.084562084739105,1,0
128,LP001451,1,1,1,0,1,10513,3850.0,160.0,180.0,0.0,2,0,Higher,51.266460771151344,1,0
129,LP001465,1,1,0,0,0,6080,2569.0,182.0,360.0,1.0,0,0,Higher,38.98717737923585,1,0
131,LP001473,1,0,0,0,0,2014,1929.0,74.0,360.0,1.0,2,1,Middle,22.438805672316875,1,0
132,LP001478,1,0,0,0,0,2718,0.0,70.0,360.0,1.0,1,1,Middle,26.06722079547415,1,0
133,LP001482,1,1,0,0,1,3459,0.0,25.0,120.0,1.0,1,1,Lower,29.406631905065225,1,0
134,LP001487,1,0,0,0,0,4895,0.0,102.0,360.0,1.0,1,1,Middle,34.98213829942361,1,0
135,LP001488,1,1,3,0,0,4000,7750.0,290.0,360.0,1.0,1,0,Higher,31.622776601683793,1,0
136,LP001489,0,1,0,0,0,4583,0.0,84.0,360.0,1.0,0,0,Middle,33.84892908202562,1,0
137,LP001491,1,1,2,0,1,3316,3500.0,88.0,360.0,1.0,2,1,Middle,28.792360097775937,1,0
138,LP001492,1,0,0,0,0,14999,0.0,242.0,360.0,0.0,1,0,Higher,61.23520229410531,1,0
139,LP001493,1,1,2,1,0,4200,1430.0,129.0,360.0,1.0,0,0,Middle,32.4037034920393,0,1
140,LP001497,1,1,2,0,0,5042,2083.0,185.0,360.0,1.0,0,0,Higher,35.503520952153465,1,0
141,LP001498,1,0,0,0,0,5417,0.0,168.0,360.0,1.0,2,1,Higher,36.800135869314396,1,0
142,LP001504,1,0,0,0,1,6950,0.0,175.0,180.0,1.0,1,1,Higher,41.68333000133266,1,0
143,LP001507,1,1,0,0,0,2698,2034.0,122.0,360.0,1.0,1,1,Middle,25.971137826441105,1,0
144,LP001508,1,1,2,0,0,11757,0.0,187.0,180.0,1.0,2,1,Higher,54.21485036408382,1,0
145,LP001514,0,1,0,0,0,2330,4486.0,100.0,360.0,1.0,1,1,Middle,24.13503677229434,1,0
146,LP001516,0,1,2,0,0,14866,0.0,70.0,360.0,1.0,2,1,Middle,60.96310359553556,1,0
147,LP001518,1,1,1,0,0,1538,1425.0,30.0,360.0,1.0,2,1,Lower,19.60867155112758,1,0
148,LP001519,0,0,0,0,0,10000,1666.0,225.0,360.0,1.0,0,0,Higher,50.0,1,0
149,LP001520,1,1,0,0,0,4860,830.0,125.0,360.0,1.0,1,1,Middle,34.85685011586675,1,0
150,LP001528,1,0,0,0,0,6277,0.0,118.0,360.0,0.0,0,0,Middle,39.613760235554516,1,0
151,LP001529,1,1,0,0,1,2577,3750.0,152.0,360.0,1.0,0,1,Higher,25.38208029299411,1,0
152,LP001531,1,0,0,0,0,9166,0.0,244.0,360.0,1.0,2,0,Higher,47.86961457960572,1,0
153,LP001532,1,1,2,1,0,2281,0.0,113.0,360.0,1.0,0,0,Middle,23.879907872519105,0,1
154,LP001535,1,0,0,0,0,3254,0.0,50.0,360.0,1.0,2,1,Lower,28.521921393903323,1,0
156,LP001541,1,1,1,0,0,6000,0.0,160.0,360.0,1.0,0,1,Higher,38.72983346207417,1,0
157,LP001543,1,1,1,0,0,9538,0.0,187.0,360.0,1.0,2,1,Higher,48.83134239399937,1,0
158,LP001546,1,0,0,0,0,2980,2083.0,120.0,360.0,1.0,0,1,Middle,27.294688127912362,1,0
159,LP001552,1,1,0,0,0,4583,5625.0,255.0,360.0,1.0,1,1,Higher,33.84892908202562,1,0
160,LP001560,1,1,0,1,0,1863,1041.0,98.0,360.0,1.0,1,1,Middle,21.581241854907237,0,1
161,LP001562,1,1,0,0,0,7933,0.0,275.0,360.0,1.0,2,0,Higher,44.533695108310965,1,0
162,LP001565,1,1,1,0,0,3089,1280.0,121.0,360.0,0.0,1,0,Middle,27.789386463180506,1,0
163,LP001570,1,1,2,0,0,4167,1447.0,158.0,360.0,1.0,0,1,Higher,32.27615218702502,1,0
164,LP001572,1,1,0,0,0,9323,0.0,75.0,180.0,1.0,2,1,Middle,48.277841708179125,1,0
165,LP001574,1,1,0,0,0,3707,3166.0,182.0,360.0,1.0,0,1,Higher,30.44256887977754,1,0
166,LP001577,0,1,0,0,0,4583,0.0,112.0,360.0,1.0,0,0,Middle,33.84892908202562,1,0
167,LP001578,1,1,0,0,0,2439,3333.0,129.0,360.0,1.0,0,1,Middle,24.69311644973149,1,0
168,LP001579,1,0,0,0,0,2237,0.0,63.0,480.0,0.0,1,0,Middle,23.648467180770936,1,0
169,LP001580,1,1,2,0,0,8000,0.0,200.0,360.0,1.0,1,1,Higher,44.721359549995796,1,0
170,LP001581,1,1,0,1,0,1820,1769.0,95.0,360.0,1.0,0,1,Middle,21.330729007701542,0,1
172,LP001586,1,1,3,1,0,3522,0.0,81.0,180.0,1.0,0,0,Middle,29.67322024991558,0,1
173,LP001594,1,1,0,0,0,5708,5625.0,187.0,360.0,1.0,1,1,Higher,37.77565353504821,1,0
174,LP001603,1,1,0,1,1,4344,736.0,87.0,360.0,1.0,1,0,Middle,32.95451410656816,0,1
175,LP001606,1,1,0,0,0,3497,1964.0,116.0,360.0,1.0,0,1,Middle,29.567718883945037,1,0
176,LP001608,1,1,2,0,0,2045,1619.0,101.0,360.0,1.0,0,1,Middle,22.610838109190027,1,0
178,LP001616,1,1,1,0,0,3750,0.0,116.0,360.0,1.0,1,1,Middle,30.618621784789728,1,0
179,LP001630,1,0,0,1,0,2333,1451.0,102.0,480.0,0.0,2,0,Middle,24.150569351466643,0,1
180,LP001633,1,1,1,0,0,6400,7250.0,180.0,360.0,0.0,2,0,Higher,40.0,1,0
181,LP001634,1,0,0,0,0,1916,5063.0,67.0,360.0,1.0,0,0,Middle,21.88606862823929,1,0
182,LP001636,1,1,0,0,0,4600,0.0,73.0,180.0,1.0,1,1,Middle,33.91164991562634,1,0
183,LP001637,1,1,1,0,0,33846,0.0,260.0,360.0,1.0,1,0,Higher,91.98641204003991,1,0
184,LP001639,0,1,0,0,0,3625,0.0,108.0,360.0,1.0,1,1,Middle,30.103986446980738,1,0
185,LP001640,1,1,0,0,1,39147,4750.0,120.0,360.0,1.0,1,1,Middle,98.92800412421145,1,0
186,LP001641,1,1,1,0,1,2178,0.0,66.0,300.0,0.0,0,0,Middle,23.33452377915607,1,0
187,LP001643,1,1,0,0,0,2383,2138.0,58.0,360.0,1.0,0,1,Middle,24.407990494917847,1,0
188,LP001644,1,1,0,0,1,674,5296.0,168.0,360.0,1.0,0,1,Higher,12.98075498574717,1,0
189,LP001647,1,1,0,0,0,9328,0.0,188.0,180.0,1.0,0,1,Higher,48.29078587059855,1,0
190,LP001653,1,0,0,1,0,4885,0.0,48.0,360.0,1.0,0,1,Lower,34.9463875100131,0,1
191,LP001656,1,0,0,0,0,12000,0.0,164.0,360.0,1.0,1,0,Higher,54.772255750516614,1,0
192,LP001657,1,1,0,1,0,6033,0.0,160.0,360.0,1.0,2,0,Higher,38.836194458262774,0,1
193,LP001658,1,0,0,0,0,3858,0.0,76.0,360.0,1.0,1,1,Middle,31.056400306539068,1,0
194,LP001664,1,0,0,0,0,4191,0.0,120.0,360.0,1.0,0,1,Middle,32.36896661927903,1,0
195,LP001665,1,1,1,0,0,3125,2583.0,170.0,360.0,1.0,1,0,Higher,27.95084971874737,1,0
196,LP001666,1,0,0,0,0,8333,3750.0,187.0,360.0,1.0,0,1,Higher,45.64263357870578,1,0
197,LP001669,0,0,0,1,0,1907,2365.0,120.0,360.0,1.0,2,1,Middle,21.834605560898048,0,1
198,LP001671,0,1,0,0,0,3416,2816.0,113.0,360.0,1.0,1,1,Middle,29.223278392404914,1,0
199,LP001673,1,0,0,0,1,11000,0.0,83.0,360.0,1.0,2,0,Middle,52.44044240850758,1,0
200,LP001674,1,1,1,1,0,2600,2500.0,90.0,360.0,1.0,1,1,Middle,25.495097567963924,0,1
201,LP001677,1,0,2,0,0,4923,0.0,166.0,360.0,0.0,1,1,Higher,35.082046690579496,1,0
202,LP001682,1,1,3,1,0,3992,0.0,120.0,180.0,1.0,2,0,Middle,31.591137997862628,0,1
203,LP001688,1,1,1,1,0,3500,1083.0,135.0,360.0,1.0,2,1,Middle,29.58039891549808,0,1
204,LP001691,1,1,2,1,0,3917,0.0,124.0,360.0,1.0,1,1,Middle,31.2929704566377,0,1
205,LP001692,0,0,0,1,0,4408,0.0,120.0,360.0,1.0,1,1,Middle,33.19638534539566,0,1
206,LP001693,0,0,0,0,0,3244,0.0,80.0,360.0,1.0,2,1,Middle,28.478061731796284,1,0
207,LP001698,1,0,0,1,0,3975,2531.0,55.0,360.0,1.0,0,1,Middle,31.523800532296228,0,1
208,LP001699,1,0,0,0,0,2479,0.0,59.0,360.0,1.0,2,1,Middle,24.894778569009205,1,0
209,LP001702,1,0,0,0,0,3418,0.0,127.0,360.0,1.0,1,0,Middle,29.231831964486933,1,0
210,LP001708,0,0,0,0,0,10000,0.0,214.0,360.0,1.0,1,0,Higher,50.0,1,0
211,LP001711,1,1,3,0,0,3430,1250.0,128.0,360.0,0.0,1,0,Middle,29.283100928692644,1,0
212,LP001713,1,1,1,0,1,7787,0.0,240.0,360.0,1.0,2,1,Higher,44.121989982320606,1,0
213,LP001715,1,1,3,1,1,5703,0.0,130.0,360.0,1.0,0,1,Middle,37.7591048622713,0,1
214,LP001716,1,1,0,0,0,3173,3021.0,137.0,360.0,1.0,2,1,Middle,28.164694211015323,1,0
215,LP001720,1,1,3,1,0,3850,983.0,100.0,360.0,1.0,1,1,Middle,31.024184114977142,0,1
216,LP001722,1,1,0,0,0,150,1800.0,135.0,360.0,1.0,0,0,Middle,6.123724356957945,1,0
217,LP001726,1,1,0,0,0,3727,1775.0,131.0,360.0,1.0,1,1,Middle,30.52458025919439,1,0
218,LP001732,1,1,2,0,0,5000,0.0,72.0,360.0,0.0,1,0,Middle,35.35533905932738,1,0
219,LP001734,0,1,2,0,0,4283,2383.0,127.0,360.0,1.0,1,1,Middle,32.72231654391235,1,0
220,LP001736,1,1,0,0,0,2221,0.0,60.0,360.0,0.0,2,0,Middle,23.56374333589636,1,0
221,LP001743,1,1,2,0,0,4009,1717.0,116.0,360.0,1.0,1,1,Middle,31.65833223655346,1,0
222,LP001744,1,0,0,0,0,2971,2791.0,144.0,360.0,1.0,1,1,Middle,27.253440149823287,1,0
223,LP001749,1,1,0,0,0,7578,1010.0,175.0,360.0,1.0,1,1,Higher,43.52585438564073,1,0
224,LP001750,1,1,0,0,0,6250,0.0,128.0,360.0,1.0,1,1,Middle,39.528470752104745,1,0
225,LP001751,1,1,0,0,0,3250,0.0,170.0,360.0,1.0,0,0,Higher,28.50438562747845,1,0
226,LP001754,1,1,0,1,1,4735,0.0,138.0,360.0,1.0,2,0,Middle,34.405668137677544,0,1
227,LP001758,1,1,2,0,0,6250,1695.0,210.0,360.0,1.0,1,1,Higher,39.528470752104745,1,0
228,LP001760,1,1,0,0,0,4758,0.0,158.0,480.0,1.0,1,1,Higher,34.489128721961066,1,0
229,LP001761,1,0,0,0,1,6400,0.0,200.0,360.0,1.0,0,1,Higher,40.0,1,0
230,LP001765,1,1,1,0,0,2491,2054.0,104.0,360.0,1.0,1,1,Middle,24.95495942693556,1,0
231,LP001768,1,1,0,0,0,3716,0.0,42.0,180.0,1.0,0,1,Lower,30.479501308256342,1,0
232,LP001770,1,0,0,1,0,3189,2598.0,120.0,360.0,1.0,0,1,Middle,28.235615806991,0,1
233,LP001776,0,0,0,0,0,8333,0.0,280.0,360.0,1.0,1,1,Higher,45.64263357870578,1,0
234,LP001778,1,1,1,0,0,3155,1779.0,140.0,360.0,1.0,1,1,Middle,28.084693339967234,1,0
235,LP001784,1,1,1,0,0,5500,1260.0,170.0,360.0,1.0,0,1,Higher,37.080992435478315,1,0
236,LP001786,1,1,0,0,0,5746,0.0,255.0,360.0,1.0,2,0,Higher,37.90118731649445,1,0
237,LP001788,0,0,0,0,1,3463,0.0,122.0,360.0,1.0,2,1,Middle,29.423629959608995,1,0
238,LP001790,0,0,1,0,0,3812,0.0,112.0,360.0,1.0,0,1,Middle,30.870698080866262,1,0
239,LP001792,1,1,1,0,0,3315,0.0,96.0,360.0,1.0,1,1,Middle,28.788018340969565,1,0
240,LP001798,1,1,2,0,0,5819,5000.0,120.0,360.0,1.0,0,1,Middle,38.141185089087095,1,0
241,LP001800,1,1,1,1,0,2510,1983.0,140.0,180.0,1.0,2,0,Middle,25.0499500997507,0,1
242,LP001806,1,0,0,0,0,2965,5701.0,155.0,60.0,1.0,2,1,Higher,27.225906780123964,1,0
243,LP001807,1,1,2,0,1,6250,1300.0,108.0,360.0,1.0,0,1,Middle,39.528470752104745,1,0
244,LP001811,1,1,0,1,0,3406,4417.0,123.0,360.0,1.0,1,1,Middle,29.180472922829747,0,1
245,LP001813,1,0,0,0,1,6050,4333.0,120.0,180.0,1.0,2,0,Middle,38.890872965260115,1,0
246,LP001814,1,1,2,0,0,9703,0.0,112.0,360.0,1.0,2,1,Middle,49.251903516513956,1,0
247,LP001819,1,1,1,1,0,6608,0.0,137.0,180.0,1.0,2,1,Middle,40.64480286580315,0,1
248,LP001824,1,1,1,0,0,2882,1843.0,123.0,480.0,1.0,1,1,Middle,26.842131062939096,1,0
249,LP001825,1,1,0,0,0,1809,1868.0,90.0,360.0,1.0,2,1,Middle,21.266170318136737,1,0
250,LP001835,1,1,0,1,0,1668,3890.0,201.0,360.0,0.0,1,0,Higher,20.42057785666214,0,1
251,LP001836,0,0,2,0,0,3427,0.0,138.0,360.0,1.0,2,0,Middle,29.270292106502797,1,0
252,LP001841,1,0,0,1,1,2583,2167.0,104.0,360.0,1.0,0,1,Middle,25.411611519146124,0,1
253,LP001843,1,1,1,1,0,2661,7101.0,279.0,180.0,1.0,1,1,Higher,25.79244075305786,0,1
254,LP001844,1,0,0,0,1,16250,0.0,192.0,360.0,0.0,2,0,Higher,63.73774391990981,1,0
255,LP001846,0,0,3,0,0,3083,0.0,255.0,360.0,1.0,0,1,Higher,27.76238462380348,1,0
256,LP001849,1,0,0,1,0,6045,0.0,115.0,360.0,0.0,0,0,Middle,38.87479903485033,0,1
257,LP001854,1,1,3,0,0,5250,0.0,94.0,360.0,1.0,2,0,Middle,36.2284418654736,1,0
258,LP001859,1,1,0,0,0,14683,2100.0,304.0,360.0,1.0,0,0,Extreme,60.586714715356536,1,0
259,LP001864,1,1,3,1,0,4931,0.0,128.0,360.0,1.0,1,0,Middle,35.11053972812152,0,1
260,LP001865,1,1,1,0,0,6083,4250.0,330.0,360.0,1.0,2,1,Extreme,38.99679474008088,1,0
261,LP001868,1,0,0,0,0,2060,2209.0,134.0,360.0,1.0,1,1,Middle,22.693611435820433,1,0
262,LP001870,0,0,1,0,0,3481,0.0,155.0,36.0,1.0,1,0,Higher,29.5,1,0
263,LP001871,0,0,0,0,0,7200,0.0,120.0,360.0,1.0,0,1,Middle,42.42640687119285,1,0
264,LP001872,1,0,0,0,1,5166,0.0,128.0,360.0,1.0,1,1,Middle,35.937445652132816,1,0
265,LP001875,1,0,0,0,0,4095,3447.0,151.0,360.0,1.0,0,1,Higher,31.996093511552314,1,0
266,LP001877,1,1,2,0,0,4708,1387.0,150.0,360.0,1.0,1,1,Middle,34.307433596816885,1,0
267,LP001882,1,1,3,0,0,4333,1811.0,160.0,360.0,0.0,2,1,Higher,32.912763481664676,1,0
268,LP001883,0,0,0,0,0,3418,0.0,135.0,360.0,1.0,0,0,Middle,29.231831964486933,1,0
269,LP001884,0,0,1,0,0,2876,1560.0,90.0,360.0,1.0,2,1,Middle,26.814175355583846,1,0
270,LP001888,0,0,0,0,0,3237,0.0,30.0,360.0,1.0,2,1,Lower,28.447319733148852,1,0
271,LP001891,1,1,0,0,0,11146,0.0,136.0,360.0,1.0,2,1,Middle,52.787309080876625,1,0
272,LP001892,1,0,0,0,0,2833,1857.0,126.0,360.0,1.0,0,1,Middle,26.612966764342527,1,0
273,LP001894,1,1,0,0,0,2620,2223.0,150.0,360.0,1.0,1,1,Middle,25.592967784139454,1,0
274,LP001896,1,1,2,0,0,3900,0.0,90.0,360.0,1.0,1,1,Middle,31.22498999199199,1,0
275,LP001900,1,1,1,0,0,2750,1842.0,115.0,360.0,1.0,1,1,Middle,26.22022120425379,1,0
276,LP001903,1,1,0,0,0,3993,3274.0,207.0,360.0,1.0,1,1,Higher,31.595094555959157,1,0
277,LP001904,1,1,0,0,0,3103,1300.0,80.0,360.0,1.0,2,1,Middle,27.85228895441091,1,0
279,LP001908,0,1,0,1,0,4100,0.0,124.0,360.0,1.0,0,1,Middle,32.01562118716424,0,1
280,LP001910,1,0,1,1,1,4053,2426.0,158.0,360.0,0.0,2,0,Higher,31.83158808479401,0,1
281,LP001914,1,1,0,0,0,3927,800.0,112.0,360.0,1.0,1,1,Middle,31.332890067786597,1,0
282,LP001915,1,1,2,0,0,2301,985.7999877999998,78.0,180.0,1.0,2,1,Middle,23.984369910422913,1,0
283,LP001917,0,0,0,0,0,1811,1666.0,54.0,360.0,1.0,2,1,Middle,21.277922830953212,1,0
284,LP001922,1,1,0,0,0,20667,0.0,120.0,360.0,1.0,0,0,Middle,71.88010851410841,1,0
285,LP001924,1,0,0,0,0,3158,3053.0,89.0,360.0,1.0,0,1,Middle,28.098042636454235,1,0
286,LP001925,0,0,0,0,1,2600,1717.0,99.0,300.0,1.0,1,0,Middle,25.495097567963924,1,0
287,LP001926,1,1,0,0,0,3704,2000.0,120.0,360.0,1.0,0,1,Middle,30.430248109405877,1,0
288,LP001931,0,0,0,0,0,4124,0.0,115.0,360.0,1.0,1,1,Middle,32.109188716004645,1,0
289,LP001935,1,0,0,0,0,9508,0.0,187.0,360.0,1.0,0,1,Higher,48.75448697299562,1,0
290,LP001936,1,1,0,0,0,3075,2416.0,139.0,360.0,1.0,0,1,Middle,27.726341266023542,1,0
291,LP001938,1,1,2,0,0,4400,0.0,127.0,360.0,0.0,1,0,Middle,33.166247903554,1,0
292,LP001940,1,1,2,0,0,3153,1560.0,134.0,360.0,1.0,2,1,Middle,28.075790282732914,1,0
293,LP001945,0,0,0,0,0,5417,0.0,143.0,480.0,0.0,2,0,Middle,36.800135869314396,1,0
294,LP001947,1,1,0,0,0,2383,3334.0,172.0,360.0,1.0,1,1,Higher,24.407990494917847,1,0
295,LP001949,1,1,3,0,0,4416,1250.0,110.0,360.0,1.0,2,1,Middle,33.2264954516723,1,0
296,LP001953,1,1,1,0,0,6875,0.0,200.0,360.0,1.0,1,1,Higher,41.4578098794425,1,0
297,LP001954,0,1,1,0,0,4666,0.0,135.0,360.0,1.0,2,1,Middle,34.15406271587613,1,0
298,LP001955,0,0,0,0,0,5000,2541.0,151.0,480.0,1.0,0,0,Higher,35.35533905932738,1,0
299,LP001963,1,1,1,0,0,2014,2925.0,113.0,360.0,1.0,2,0,Middle,22.438805672316875,1,0
300,LP001964,1,1,0,1,0,1800,2934.0,93.0,360.0,0.0,2,0,Middle,21.213203435596427,0,1
301,LP001972,1,1,0,1,0,2875,1750.0,105.0,360.0,1.0,1,1,Middle,26.80951323690902,0,1
302,LP001974,0,0,0,0,0,5000,0.0,132.0,360.0,1.0,0,1,Middle,35.35533905932738,1,0
303,LP001977,1,1,1,0,0,1625,1803.0,96.0,360.0,1.0,2,1,Middle,20.155644370746373,1,0
304,LP001978,1,0,0,0,0,4000,2500.0,140.0,360.0,1.0,0,1,Middle,31.622776601683793,1,0
305,LP001990,1,0,0,1,0,2000,0.0,120.0,360.0,1.0,2,0,Middle,22.360679774997898,0,1
306,LP001993,0,0,0,0,0,3762,1666.0,135.0,360.0,1.0,0,1,Middle,30.667572450391308,1,0
307,LP001994,0,0,0,0,0,2400,1863.0,104.0,360.0,0.0,2,0,Middle,24.49489742783178,1,0
309,LP001998,1,1,2,1,0,7667,0.0,185.0,360.0,1.0,0,1,Higher,43.780703511935485,0,1
310,LP002002,0,0,0,0,0,2917,0.0,84.0,360.0,1.0,1,1,Middle,27.004629232781554,1,0
311,LP002004,1,0,0,1,0,2927,2405.0,111.0,360.0,1.0,1,1,Middle,27.050877989447958,0,1
312,LP002006,0,0,0,0,0,2507,0.0,56.0,360.0,1.0,0,1,Middle,25.034975534240093,1,0
313,LP002008,1,1,2,0,1,5746,0.0,144.0,84.0,1.0,0,1,Middle,37.90118731649445,1,0
314,LP002024,1,1,0,0,0,2473,1843.0,159.0,360.0,1.0,0,0,Higher,24.86463351831271,1,0
315,LP002031,1,1,1,1,0,3399,1640.0,111.0,180.0,1.0,2,1,Middle,29.15047169429682,0,1
316,LP002035,1,1,2,0,0,3717,0.0,120.0,360.0,1.0,1,1,Middle,30.483602149352365,1,0
317,LP002036,1,1,0,0,0,2058,2134.0,88.0,360.0,1.0,2,1,Middle,22.68259244442751,1,0
318,LP002043,0,0,1,0,0,3541,0.0,112.0,360.0,1.0,1,1,Middle,29.75315109362368,1,0
319,LP002050,1,1,1,0,1,10000,0.0,155.0,360.0,1.0,0,0,Higher,50.0,1,0
320,LP002051,1,1,0,0,0,2400,2167.0,115.0,360.0,1.0,1,1,Middle,24.49489742783178,1,0
321,LP002053,1,1,3,0,0,4342,189.0,124.0,360.0,1.0,1,1,Middle,32.94692701907114,1,0
322,LP002054,1,1,2,1,0,3601,1590.0,120.0,360.0,1.0,0,1,Middle,30.004166377354995,0,1
323,LP002055,0,0,0,0,0,3166,2985.0,132.0,360.0,1.0,0,1,Middle,28.1336097932704,1,0
324,LP002065,1,1,3,0,0,15000,0.0,300.0,360.0,1.0,0,1,Higher,61.237243569579455,1,0
325,LP002067,1,1,1,0,1,8666,4983.0,376.0,360.0,0.0,0,0,Extreme,46.54567649094812,1,0
326,LP002068,1,0,0,0,0,4917,0.0,130.0,360.0,0.0,0,1,Middle,35.06066171651642,1,0
327,LP002082,1,1,0,0,1,5818,2160.0,184.0,360.0,1.0,1,1,Higher,38.137907651049765,1,0
328,LP002086,0,1,0,0,0,4333,2451.0,110.0,360.0,1.0,2,0,Middle,32.912763481664676,1,0
329,LP002087,0,0,0,0,0,2500,0.0,67.0,360.0,1.0,2,1,Middle,25.0,1,0
330,LP002097,1,0,1,0,0,4384,1793.0,117.0,360.0,1.0,2,1,Middle,33.1058907144937,1,0
331,LP002098,1,0,0,0,0,2935,0.0,98.0,360.0,1.0,1,1,Middle,27.087820141163075,1,0
332,LP002100,1,0,0,0,0,2833,0.0,71.0,360.0,1.0,2,1,Middle,26.612966764342527,1,0
334,LP002103,1,1,1,0,1,9833,1833.0,182.0,180.0,1.0,2,1,Higher,49.580742229216376,1,0
335,LP002106,1,1,0,0,1,5503,4490.0,70.0,360.0,1.0,1,1,Middle,37.09110405474607,1,0
336,LP002110,1,1,1,0,0,5250,688.0,160.0,360.0,1.0,0,1,Higher,36.2284418654736,1,0
337,LP002112,1,1,2,0,1,2500,4600.0,176.0,360.0,1.0,0,1,Higher,25.0,1,0
338,LP002113,0,0,3,1,0,1830,0.0,120.0,360.0,0.0,2,0,Middle,21.38924963620744,0,1
339,LP002114,0,0,0,0,0,4160,0.0,71.0,360.0,1.0,1,1,Middle,32.2490309931942,1,0
340,LP002115,1,1,3,1,0,2647,1587.0,173.0,360.0,1.0,0,0,Higher,25.72450193881312,0,1
341,LP002116,0,0,0,0,0,2378,0.0,46.0,360.0,1.0,0,0,Lower,24.38237068047322,1,0
342,LP002119,1,1,1,1,0,4554,1229.0,158.0,360.0,1.0,2,1,Higher,33.741665637605976,0,1
343,LP002126,1,1,3,1,0,3173,0.0,74.0,360.0,1.0,1,1,Middle,28.164694211015323,0,1
344,LP002128,1,1,2,0,0,2583,2330.0,125.0,360.0,1.0,0,1,Middle,25.411611519146124,1,0
345,LP002129,1,1,0,0,0,2499,2458.0,160.0,360.0,1.0,1,1,Higher,24.994999499899976,1,0
346,LP002130,1,1,0,1,0,3523,3230.0,152.0,360.0,0.0,0,0,Higher,29.6774325035034,0,1
347,LP002131,1,1,2,1,0,3083,2168.0,126.0,360.0,1.0,2,1,Middle,27.76238462380348,0,1
348,LP002137,1,1,0,0,0,6333,4583.0,259.0,360.0,1.0,1,1,Higher,39.790074139161895,1,0
349,LP002138,1,1,0,0,0,2625,6250.0,187.0,360.0,1.0,0,1,Higher,25.617376914898998,1,0
350,LP002139,1,1,0,0,0,9083,0.0,228.0,360.0,1.0,1,1,Higher,47.652387138526436,1,0
351,LP002140,1,0,0,0,0,8750,4167.0,308.0,360.0,1.0,0,0,Extreme,46.770717334674266,1,0
352,LP002141,1,1,3,0,0,2666,2083.0,95.0,360.0,1.0,0,1,Middle,25.816661286851172,1,0
353,LP002142,0,1,0,0,1,5500,0.0,105.0,360.0,0.0,0,0,Middle,37.080992435478315,1,0
354,LP002143,0,1,0,0,0,2423,505.0,130.0,360.0,1.0,1,1,Middle,24.611988948477936,1,0
355,LP002144,0,0,0,0,0,3813,0.0,116.0,180.0,1.0,2,1,Middle,30.87474696252586,1,0
356,LP002149,1,1,2,0,0,8333,3167.0,165.0,360.0,1.0,0,1,Higher,45.64263357870578,1,0
357,LP002151,1,1,1,0,0,3875,0.0,67.0,360.0,1.0,2,0,Middle,31.12474899497183,1,0
358,LP002158,1,1,0,1,0,3000,1666.0,100.0,480.0,0.0,2,0,Middle,27.386127875258307,0,1
359,LP002160,1,1,3,0,0,5167,3167.0,200.0,360.0,1.0,1,1,Higher,35.940923749953896,1,0
360,LP002161,0,0,1,0,0,4723,0.0,81.0,360.0,1.0,1,0,Middle,34.36204301260331,1,0
361,LP002170,1,1,2,0,0,5000,3667.0,236.0,360.0,1.0,1,1,Higher,35.35533905932738,1,0
362,LP002175,1,1,0,0,0,4750,2333.0,130.0,360.0,1.0,2,1,Middle,34.46012188022556,1,0
363,LP002178,1,1,0,0,0,3013,3033.0,95.0,300.0,1.0,2,1,Middle,27.445400343226915,1,0
364,LP002180,1,0,0,0,1,6822,0.0,141.0,360.0,1.0,0,1,Middle,41.29769969380861,1,0
365,LP002181,1,0,0,1,0,6216,0.0,133.0,360.0,1.0,0,0,Middle,39.42080668885405,0,1
366,LP002187,1,0,0,0,0,2500,0.0,96.0,480.0,1.0,1,0,Middle,25.0,1,0
367,LP002188,1,0,0,0,0,5124,0.0,124.0,360.0,0.0,0,0,Middle,35.79106033634656,1,0
368,LP002190,1,1,1,0,0,6325,0.0,175.0,360.0,1.0,1,1,Higher,39.764934301467164,1,0
370,LP002194,0,0,0,0,1,15759,0.0,55.0,360.0,1.0,1,1,Middle,62.76742785872303,1,0
371,LP002197,1,1,2,0,0,5185,0.0,155.0,360.0,1.0,1,1,Higher,36.003472054789384,1,0
372,LP002201,1,1,2,0,1,9323,7873.0,380.0,300.0,1.0,0,1,Extreme,48.277841708179125,1,0
373,LP002205,1,0,1,0,0,3062,1987.0,111.0,180.0,0.0,2,0,Middle,27.667670664513846,1,0
374,LP002209,0,0,0,0,0,2764,1459.0,110.0,360.0,1.0,2,1,Middle,26.28687885618983,1,0
375,LP002211,1,1,0,0,0,4817,923.0,120.0,180.0,1.0,2,1,Middle,34.70230539892127,1,0
376,LP002219,1,1,3,0,0,8750,4996.0,130.0,360.0,1.0,0,1,Middle,46.770717334674266,1,0
377,LP002223,1,1,0,0,0,4310,0.0,130.0,360.0,1.0,1,1,Middle,32.8252951243397,1,0
378,LP002224,1,0,0,0,0,3069,0.0,71.0,480.0,1.0,2,0,Middle,27.69927796892908,1,0
379,LP002225,1,1,2,0,0,5391,0.0,130.0,360.0,1.0,2,1,Middle,36.71171475156125,1,0
380,LP002226,1,1,0,0,0,3333,2500.0,128.0,360.0,1.0,1,1,Middle,28.86607004772212,1,0
381,LP002229,1,0,0,0,0,5941,4232.0,296.0,360.0,1.0,1,1,Higher,38.53894134508627,1,0
382,LP002231,0,0,0,0,0,6000,0.0,156.0,360.0,1.0,2,1,Higher,38.72983346207417,1,0
383,LP002234,1,0,0,0,1,7167,0.0,128.0,360.0,1.0,2,1,Middle,42.32906802659373,1,0
384,LP002236,1,1,2,0,0,4566,0.0,100.0,360.0,1.0,2,0,Middle,33.7860918130523,1,0
385,LP002237,1,0,1,0,0,3667,0.0,113.0,180.0,1.0,2,1,Middle,30.277879714405366,1,0
386,LP002239,1,0,0,1,0,2346,1600.0,132.0,360.0,1.0,1,1,Middle,24.21776207662467,0,1
387,LP002243,1,1,0,1,0,3010,3136.0,120.0,360.0,0.0,2,0,Middle,27.431733448690405,0,1
388,LP002244,1,1,0,0,0,2333,2417.0,136.0,360.0,1.0,2,1,Middle,24.150569351466643,1,0
389,LP002250,1,1,0,0,0,5488,0.0,125.0,360.0,1.0,0,1,Middle,37.04051835490427,1,0
390,LP002255,1,0,3,0,0,9167,0.0,185.0,360.0,1.0,0,1,Higher,47.87222576818421,1,0
391,LP002262,1,1,3,0,0,9504,0.0,275.0,360.0,1.0,0,1,Higher,48.744230427815765,1,0
392,LP002263,1,1,0,0,0,2583,2115.0,120.0,360.0,1.0,2,1,Middle,25.411611519146124,1,0
393,LP002265,1,1,2,1,0,1993,1625.0,113.0,180.0,1.0,1,1,Middle,22.321514285549714,0,1
394,LP002266,1,1,2,0,0,3100,1400.0,113.0,360.0,1.0,2,1,Middle,27.83882181415011,1,0
395,LP002272,1,1,2,0,0,3276,484.0,135.0,360.0,1.0,1,1,Middle,28.61817604250837,1,0
396,LP002277,0,0,0,0,0,3180,0.0,71.0,360.0,0.0,2,0,Middle,28.19574435974337,1,0
397,LP002281,1,1,0,0,0,3033,1459.0,95.0,360.0,1.0,2,1,Middle,27.536339626028727,1,0
398,LP002284,1,0,0,1,0,3902,1666.0,109.0,360.0,1.0,0,1,Middle,31.232995373482833,0,1
399,LP002287,0,0,0,0,0,1500,1800.0,103.0,360.0,0.0,1,0,Middle,19.364916731037084,1,0
400,LP002288,1,1,2,1,0,2889,0.0,45.0,180.0,0.0,2,0,Lower,26.874709300753377,0,1
401,LP002296,1,0,0,1,0,2755,0.0,65.0,300.0,1.0,0,0,Middle,26.24404694402142,0,1
402,LP002297,1,0,0,0,0,2500,20000.0,103.0,360.0,1.0,1,1,Middle,25.0,1,0
403,LP002300,0,0,0,1,0,1963,0.0,53.0,360.0,1.0,1,1,Middle,22.15287791687572,0,1
404,LP002301,0,0,0,0,1,7441,0.0,194.0,360.0,1.0,0,0,Higher,43.13061557640929,1,0
405,LP002305,0,0,0,0,0,4547,0.0,115.0,360.0,1.0,1,1,Middle,33.715723334966434,1,0
406,LP002308,1,1,0,1,0,2167,2400.0,115.0,360.0,1.0,2,1,Middle,23.275523624614763,0,1
407,LP002314,0,0,0,1,0,2213,0.0,66.0,360.0,1.0,0,1,Middle,23.521266972678152,0,1
408,LP002315,1,1,1,0,0,8300,0.0,152.0,300.0,0.0,1,0,Higher,45.552167895721496,1,0
409,LP002317,1,1,3,0,0,81000,0.0,360.0,360.0,0.0,0,0,Extreme,142.30249470757707,1,0
410,LP002318,0,0,1,1,1,3867,0.0,62.0,360.0,1.0,1,0,Middle,31.0926036220835,0,1
411,LP002319,1,1,0,0,0,6256,0.0,160.0,360.0,1.0,2,1,Higher,39.54743986657038,1,0
412,LP002328,1,1,0,1,0,6096,0.0,218.0,360.0,0.0,0,0,Higher,39.03844259188627,0,1
413,LP002332,1,1,0,1,0,2253,2033.0,110.0,360.0,1.0,0,1,Middle,23.732888572611635,0,1
414,LP002335,0,1,0,1,0,2149,3237.0,178.0,360.0,0.0,1,0,Higher,23.178653972998518,0,1
415,LP002337,0,0,0,0,0,2995,0.0,60.0,360.0,1.0,2,1,Middle,27.363296585024255,1,0
416,LP002341,0,0,1,0,0,2600,0.0,160.0,360.0,1.0,2,0,Higher,25.495097567963924,1,0
417,LP002342,1,1,2,0,1,1600,20000.0,239.0,360.0,1.0,2,0,Higher,20.0,1,0
418,LP002345,1,1,0,0,0,1025,2773.0,112.0,360.0,1.0,0,1,Middle,16.00781059358212,1,0
419,LP002347,1,1,0,0,0,3246,1417.0,138.0,360.0,1.0,1,1,Middle,28.48683906648823,1,0
420,LP002348,1,1,0,0,0,5829,0.0,138.0,360.0,1.0,0,1,Middle,38.17394399325278,1,0
421,LP002357,0,0,0,1,0,2720,0.0,80.0,360.0,0.0,2,0,Middle,26.076809620810597,0,1
422,LP002361,1,1,0,0,0,1820,1719.0,100.0,360.0,1.0,2,1,Middle,21.330729007701542,1,0
423,LP002362,1,1,1,0,0,7250,1667.0,110.0,360.0,0.0,2,0,Middle,42.573465914816005,1,0
424,LP002364,1,1,0,0,0,14880,0.0,96.0,360.0,1.0,1,1,Middle,60.991802727907626,1,0
425,LP002366,1,1,0,0,0,2666,4300.0,121.0,360.0,1.0,0,1,Middle,25.816661286851172,1,0
426,LP002367,0,0,1,1,0,4606,0.0,81.0,360.0,1.0,0,0,Middle,33.933759001914304,0,1
427,LP002368,1,1,2,0,0,5935,0.0,133.0,360.0,1.0,1,1,Middle,38.51947559352282,1,0
428,LP002369,1,1,0,0,0,2920,16.12000084,87.0,360.0,1.0,0,1,Middle,27.018512172212592,1,0
429,LP002370,1,0,0,1,0,2717,0.0,60.0,180.0,1.0,2,1,Middle,26.062425059844298,0,1
430,LP002377,0,0,1,0,1,8624,0.0,150.0,360.0,1.0,1,1,Middle,46.4327470649756,1,0
431,LP002379,1,0,0,0,0,6500,0.0,105.0,360.0,0.0,0,0,Middle,40.311288741492746,1,0
433,LP002387,1,1,0,0,0,2425,2340.0,143.0,360.0,1.0,1,1,Middle,24.62214450449026,1,0
434,LP002390,1,0,0,0,0,3750,0.0,100.0,360.0,1.0,2,1,Middle,30.618621784789728,1,0
435,LP002393,0,1,0,0,0,10047,0.0,120.0,240.0,1.0,1,1,Middle,50.117362260996934,1,0
436,LP002398,1,0,0,0,0,1926,1851.0,50.0,360.0,1.0,1,1,Lower,21.94310825749169,1,0
437,LP002401,1,1,0,0,0,2213,1125.0,120.0,360.0,1.0,2,1,Middle,23.521266972678152,1,0
438,LP002403,1,0,0,0,1,10416,0.0,187.0,360.0,0.0,2,0,Higher,51.02940328869229,1,0
439,LP002407,0,1,0,1,1,7142,0.0,138.0,360.0,1.0,0,1,Middle,42.2551771975932,0,1
440,LP002408,1,0,0,0,0,3660,5064.0,187.0,360.0,1.0,1,1,Higher,30.24896692450835,1,0
441,LP002409,1,1,0,0,0,7901,1833.0,180.0,360.0,1.0,0,1,Higher,44.44378471732578,1,0
442,LP002418,1,0,3,1,0,4707,1993.0,148.0,360.0,1.0,1,1,Middle,34.30378987808781,0,1
443,LP002422,1,0,1,0,0,37719,0.0,152.0,360.0,1.0,1,1,Higher,97.10689985783708,1,0
444,LP002424,1,1,0,0,0,7333,8333.0,175.0,300.0,1.0,0,1,Higher,42.81646879414509,1,0
445,LP002429,1,1,1,0,1,3466,1210.0,130.0,360.0,1.0,0,1,Middle,29.436372059070052,1,0
446,LP002434,1,1,2,1,0,4652,0.0,110.0,360.0,1.0,0,1,Middle,34.10278580995987,0,1
447,LP002435,1,1,0,0,0,3539,1376.0,55.0,360.0,1.0,0,0,Middle,29.744747435471695,1,0
448,LP002443,1,1,2,0,0,3340,1710.0,150.0,360.0,0.0,0,0,Middle,28.89636655359978,1,0
449,LP002444,1,0,1,1,1,2769,1542.0,190.0,360.0,1.0,1,0,Higher,26.31064423384574,0,1
450,LP002446,1,1,2,1,0,2309,1255.0,125.0,360.0,0.0,0,0,Middle,24.026027553467927,0,1
451,LP002447,1,1,2,1,0,1958,1456.0,60.0,300.0,1.0,2,1,Middle,22.124646889837585,0,1
452,LP002448,1,1,0,0,0,3948,1733.0,149.0,360.0,0.0,0,0,Middle,31.416556144810016,1,0
453,LP002449,1,1,0,0,0,2483,2466.0,90.0,180.0,0.0,0,1,Middle,24.914855006601986,1,0
454,LP002453,1,0,0,0,1,7085,0.0,84.0,360.0,1.0,1,1,Middle,42.08622102303793,1,0
455,LP002455,1,1,2,0,0,3859,0.0,96.0,360.0,1.0,1,1,Middle,31.060424980994707,1,0
456,LP002459,1,1,0,0,0,4301,0.0,118.0,360.0,1.0,2,1,Middle,32.79100486413919,1,0
457,LP002467,1,1,0,0,0,3708,2569.0,173.0,360.0,1.0,2,0,Higher,30.44667469527666,1,0
458,LP002472,1,0,2,0,0,4354,0.0,136.0,360.0,1.0,0,1,Middle,32.992423372647245,1,0
459,LP002473,1,1,0,0,0,8334,0.0,160.0,360.0,1.0,1,0,Higher,45.645372164108814,1,0
460,LP002478,1,1,0,0,1,2083,4083.0,160.0,360.0,1.0,1,1,Higher,22.819947414488052,1,0
461,LP002484,1,1,3,0,0,7740,0.0,128.0,180.0,1.0,2,1,Middle,43.98863489584554,1,0
462,LP002487,1,1,0,0,0,3015,2188.0,153.0,360.0,1.0,0,1,Higher,27.454507826584692,1,0
463,LP002489,0,0,1,1,0,5191,0.0,132.0,360.0,1.0,1,1,Middle,36.024297356090095,0,1
464,LP002493,1,0,0,0,0,4166,0.0,98.0,360.0,0.0,1,0,Middle,32.27227912620985,1,0
465,LP002494,1,0,0,0,0,6000,0.0,140.0,360.0,1.0,0,1,Middle,38.72983346207417,1,0
466,LP002500,1,1,3,1,0,2947,1664.0,70.0,180.0,0.0,2,0,Middle,27.143139096279928,0,1
467,LP002501,1,1,0,0,0,16692,0.0,110.0,360.0,1.0,1,1,Middle,64.59876159803684,1,0
468,LP002502,0,1,2,1,0,210,2917.0,98.0,360.0,1.0,1,1,Middle,7.245688373094719,0,1
469,LP002505,1,1,0,0,0,4333,2451.0,110.0,360.0,1.0,2,0,Middle,32.912763481664676,1,0
470,LP002515,1,1,1,0,1,3450,2079.0,162.0,360.0,1.0,1,1,Higher,29.368350311176826,1,0
471,LP002517,1,1,1,1,0,2653,1500.0,113.0,180.0,0.0,0,0,Middle,25.753640519351823,0,1
472,LP002519,1,1,3,0,0,4691,0.0,100.0,360.0,1.0,1,1,Middle,34.24543765233553,1,0
473,LP002522,0,0,0,0,1,2500,0.0,93.0,360.0,1.0,2,1,Middle,25.0,1,0
474,LP002524,1,0,2,0,0,5532,4648.0,162.0,360.0,1.0,0,1,Higher,37.1887079635741,1,0
475,LP002527,1,1,2,0,1,16525,1014.0,150.0,360.0,1.0,0,1,Middle,64.2748006609122,1,0
476,LP002529,1,1,2,0,0,6700,1750.0,230.0,300.0,1.0,1,1,Higher,40.92676385936225,1,0
477,LP002530,1,1,2,0,0,2873,1872.0,132.0,360.0,0.0,1,0,Middle,26.800186566514792,1,0
478,LP002531,1,1,1,0,1,16667,2250.0,86.0,360.0,1.0,1,1,Middle,64.55036793078719,1,0
479,LP002533,1,1,2,0,0,2947,1603.0,120.0,360.0,1.0,2,0,Middle,27.143139096279928,1,0
480,LP002534,0,0,0,1,0,4350,0.0,154.0,360.0,1.0,0,1,Higher,32.977264895682296,0,1
481,LP002536,1,1,3,1,0,3095,0.0,113.0,360.0,1.0,0,1,Middle,27.816362091402247,0,1
482,LP002537,1,1,0,0,0,2083,3150.0,128.0,360.0,1.0,1,1,Middle,22.819947414488052,1,0
483,LP002541,1,1,0,0,0,10833,0.0,234.0,360.0,1.0,1,1,Higher,52.040849339725426,1,0
484,LP002543,1,1,2,0,0,8333,0.0,246.0,360.0,1.0,1,1,Higher,45.64263357870578,1,0
485,LP002544,1,1,1,1,0,1958,2436.0,131.0,360.0,1.0,0,1,Middle,22.124646889837585,0,1
486,LP002545,1,0,2,0,0,3547,0.0,80.0,360.0,0.0,0,0,Middle,29.778347838656195,1,0
488,LP002555,1,1,2,0,1,4583,2083.0,160.0,360.0,1.0,1,1,Higher,33.84892908202562,1,0
489,LP002556,1,0,0,0,0,2435,0.0,75.0,360.0,1.0,2,0,Middle,24.672859582950654,1,0
490,LP002560,1,0,0,1,0,2699,2785.0,96.0,360.0,1.0,1,1,Middle,25.975950415721076,0,1
491,LP002562,1,1,1,1,0,5333,1131.0,186.0,360.0,1.0,2,1,Higher,36.513696060519536,0,1
492,LP002571,1,0,0,1,0,3691,0.0,110.0,360.0,1.0,0,1,Middle,30.376800358168072,0,1
493,LP002582,0,0,0,1,1,17263,0.0,225.0,360.0,1.0,1,1,Higher,65.6943680995563,0,1
494,LP002585,1,1,0,0,0,3597,2157.0,119.0,360.0,0.0,0,0,Middle,29.9874973947477,1,0
495,LP002586,0,1,1,0,0,3326,913.0,105.0,84.0,1.0,1,1,Middle,28.83574171059243,1,0
496,LP002587,1,1,0,1,0,2600,1700.0,107.0,360.0,1.0,0,1,Middle,25.495097567963924,0,1
497,LP002588,1,1,0,0,0,4625,2857.0,111.0,12.0,1.0,2,1,Middle,34.00367627183861,1,0
498,LP002600,1,1,1,0,1,2895,0.0,95.0,360.0,1.0,1,1,Middle,26.90260210462921,1,0
499,LP002602,1,0,0,0,0,6283,4416.0,209.0,360.0,0.0,0,0,Higher,39.63268852853664,1,0
500,LP002603,0,0,0,0,0,645,3683.0,113.0,480.0,1.0,0,1,Middle,12.698425099200294,1,0
501,LP002606,0,0,0,0,0,3159,0.0,100.0,360.0,1.0,1,1,Middle,28.10249099279279,1,0
502,LP002615,1,1,2,0,0,4865,5624.0,208.0,360.0,1.0,1,1,Higher,34.87477598494362,1,0
503,LP002618,1,1,1,1,0,4050,5302.0,138.0,360.0,1.0,0,0,Middle,31.81980515339464,0,1
504,LP002619,1,1,0,1,0,3814,1483.0,124.0,300.0,1.0,1,1,Middle,30.87879531328902,0,1
505,LP002622,1,1,2,0,0,3510,4416.0,243.0,360.0,1.0,0,1,Higher,29.62262648719725,1,0
507,LP002625,1,0,0,0,0,3583,0.0,96.0,360.0,1.0,2,0,Middle,29.92908284595437,1,0
508,LP002626,1,1,0,0,1,2479,3013.0,188.0,360.0,1.0,2,1,Higher,24.894778569009205,1,0
509,LP002634,0,0,1,0,0,13262,0.0,40.0,360.0,1.0,2,1,Lower,57.58037860243713,1,0
510,LP002637,1,0,0,1,0,3598,1287.0,100.0,360.0,1.0,0,0,Middle,29.991665508937647,0,1
511,LP002640,1,1,1,0,0,6065,2004.0,250.0,360.0,1.0,1,1,Higher,38.939054944875075,1,0
512,LP002643,1,1,2,0,0,3283,2035.0,148.0,360.0,1.0,2,1,Middle,28.648734701553575,1,0
513,LP002648,1,1,0,0,0,2130,6666.0,70.0,180.0,1.0,1,0,Middle,23.075961518428652,1,0
514,LP002652,1,0,0,0,0,5815,3666.0,311.0,360.0,1.0,0,0,Extreme,38.128073646592746,1,0
515,LP002659,1,1,3,0,0,3466,3428.0,150.0,360.0,1.0,0,1,Middle,29.436372059070052,1,0
516,LP002670,0,1,2,0,0,2031,1632.0,113.0,480.0,1.0,1,1,Middle,22.533308678487497,1,0
517,LP002682,1,1,0,1,0,3074,1800.0,123.0,360.0,0.0,1,0,Middle,27.721832551258224,0,1
518,LP002683,1,0,0,0,0,4683,1915.0,185.0,360.0,1.0,1,0,Higher,34.21622422185125,1,0
519,LP002684,0,0,0,1,0,3400,0.0,95.0,360.0,1.0,0,0,Middle,29.154759474226502,0,1
520,LP002689,1,1,2,1,0,2192,1742.0,45.0,360.0,1.0,1,1,Lower,23.40939982143925,0,1
521,LP002690,1,0,0,0,0,2500,0.0,55.0,360.0,1.0,1,1,Middle,25.0,1,0
522,LP002692,1,1,3,0,1,5677,1424.0,100.0,360.0,1.0,0,1,Middle,37.672934581739185,1,0
524,LP002697,1,0,0,0,0,4680,2087.0,120.0,360.0,1.0,1,0,Middle,34.20526275297414,1,0
526,LP002705,1,1,0,0,0,3775,0.0,110.0,360.0,1.0,1,1,Middle,30.72051431861127,1,0
527,LP002706,1,1,1,1,0,5285,1430.0,161.0,360.0,0.0,1,1,Higher,36.34900273735168,0,1
528,LP002714,1,0,1,1,0,2679,1302.0,94.0,360.0,1.0,1,1,Middle,25.879528589215067,0,1
529,LP002716,1,0,0,1,0,6783,0.0,130.0,360.0,1.0,1,1,Middle,41.179485183765955,0,1
530,LP002717,1,1,0,0,0,1025,5500.0,216.0,360.0,1.0,0,1,Higher,16.00781059358212,1,0
531,LP002720,1,1,3,0,0,4281,0.0,100.0,360.0,1.0,2,1,Middle,32.71467560591118,1,0
532,LP002723,1,0,2,0,0,3588,0.0,110.0,360.0,0.0,0,0,Middle,29.949958263743873,1,0
533,LP002729,1,0,1,0,0,11250,0.0,196.0,360.0,1.0,1,0,Higher,53.033008588991066,1,0
534,LP002731,0,0,0,1,1,18165,0.0,125.0,360.0,1.0,2,1,Middle,67.38879728857016,0,1
535,LP002732,1,0,0,1,0,2550,2042.0,126.0,360.0,1.0,0,1,Middle,25.248762345905195,0,1
536,LP002734,1,1,0,0,0,6133,3906.0,324.0,360.0,1.0,2,1,Extreme,39.15673632978111,1,0
537,LP002738,1,0,2,0,0,3617,0.0,107.0,360.0,1.0,1,1,Middle,30.07074990750979,1,0
538,LP002739,1,1,0,1,0,2917,536.0,66.0,360.0,1.0,0,0,Middle,27.004629232781554,0,1
539,LP002740,1,1,3,0,0,6417,0.0,157.0,180.0,1.0,0,1,Higher,40.05308976845607,1,0
540,LP002741,0,1,1,0,0,4608,2845.0,140.0,180.0,1.0,1,1,Middle,33.94112549695428,1,0
541,LP002743,0,0,0,0,0,2138,0.0,99.0,360.0,0.0,1,0,Middle,23.119256043393783,1,0
542,LP002753,0,0,1,0,0,3652,0.0,95.0,360.0,1.0,1,1,Middle,30.215889859476256,1,0
543,LP002755,1,1,1,1,0,2239,2524.0,128.0,360.0,1.0,2,1,Middle,23.65903632864196,0,1
544,LP002757,0,1,0,1,0,3017,663.0,102.0,360.0,1.0,1,1,Middle,27.463612289718917,0,1
545,LP002767,1,1,0,0,0,2768,1950.0,155.0,360.0,1.0,0,1,Higher,26.30589287593181,1,0
546,LP002768,1,0,0,1,0,3358,0.0,80.0,36.0,1.0,1,0,Middle,28.97412638890084,0,1
547,LP002772,1,0,0,0,0,2526,1783.0,145.0,360.0,1.0,0,1,Middle,25.129663746258124,1,0
548,LP002776,0,0,0,0,0,5000,0.0,103.0,360.0,0.0,1,0,Middle,35.35533905932738,1,0
549,LP002777,1,1,0,0,0,2785,2016.0,110.0,360.0,1.0,0,1,Middle,26.386549603917523,1,0
550,LP002778,1,1,2,0,1,6633,0.0,120.0,360.0,0.0,0,0,Middle,40.721615881494685,1,0
551,LP002784,1,1,1,1,0,2492,2375.0,120.0,360.0,1.0,0,1,Middle,24.95996794869737,0,1
552,LP002785,1,1,1,0,0,3333,3250.0,158.0,360.0,1.0,2,1,Higher,28.86607004772212,1,0
553,LP002788,1,1,0,1,0,2454,2333.0,181.0,360.0,0.0,2,0,Higher,24.76893215300167,0,1
554,LP002789,1,1,0,0,0,3593,4266.0,132.0,180.0,0.0,0,0,Middle,29.970819141291418,1,0
555,LP002792,1,1,1,0,0,5468,1032.0,26.0,360.0,1.0,1,1,Lower,36.9729630946723,1,0
556,LP002794,0,0,0,0,0,2667,1625.0,84.0,360.0,1.0,2,1,Middle,25.821502667350714,1,0
557,LP002795,1,1,3,0,1,10139,0.0,260.0,360.0,1.0,1,1,Higher,50.34630075785112,1,0
558,LP002798,1,1,0,0,0,3887,2669.0,162.0,360.0,1.0,1,1,Higher,31.17290490153268,1,0
559,LP002804,0,1,0,0,0,4180,2306.0,182.0,360.0,1.0,1,1,Higher,32.32645975048923,1,0
560,LP002807,1,1,2,1,0,3675,242.0,108.0,360.0,1.0,1,1,Middle,30.31088913245535,0,1
562,LP002820,1,1,0,0,0,5923,2054.0,211.0,360.0,1.0,0,1,Higher,38.48051454957431,1,0
563,LP002821,1,0,0,1,1,5800,0.0,132.0,360.0,1.0,1,1,Middle,38.07886552931954,0,1
564,LP002832,1,1,2,0,0,8799,0.0,258.0,360.0,0.0,2,0,Higher,46.90149251356507,1,0
565,LP002833,1,1,0,1,0,4467,0.0,120.0,360.0,1.0,0,1,Middle,33.417809623013895,0,1
566,LP002836,1,0,0,0,0,3333,0.0,70.0,360.0,1.0,2,1,Middle,28.86607004772212,1,0
567,LP002837,1,1,3,0,0,3400,2500.0,123.0,360.0,0.0,0,0,Middle,29.154759474226502,1,0
568,LP002840,0,0,0,0,0,2378,0.0,9.0,360.0,1.0,2,0,Lower,24.38237068047322,1,0
569,LP002841,1,1,0,0,0,3166,2064.0,104.0,360.0,0.0,2,0,Middle,28.1336097932704,1,0
570,LP002842,1,1,1,0,0,3417,1750.0,186.0,360.0,1.0,2,1,Higher,29.227555491350966,1,0
571,LP002847,1,1,0,0,0,5116,1451.0,165.0,360.0,0.0,2,0,Higher,35.76310948449533,1,0
572,LP002855,1,1,2,0,0,16666,0.0,275.0,360.0,1.0,2,1,Higher,64.54843142943135,1,0
573,LP002862,1,1,2,1,0,6125,1625.0,187.0,480.0,1.0,1,0,Higher,39.131189606246316,0,1
574,LP002863,1,1,3,0,0,6406,0.0,150.0,360.0,1.0,1,0,Middle,40.01874560752748,1,0
575,LP002868,1,1,2,0,0,3159,461.0,108.0,84.0,1.0,2,1,Middle,28.10249099279279,1,0
576,LP002872,1,1,0,0,0,3087,2210.0,136.0,360.0,0.0,1,0,Middle,27.780388766178202,1,0
577,LP002874,1,0,0,0,0,3229,2739.0,110.0,360.0,1.0,2,1,Middle,28.412145290350743,1,0
578,LP002877,1,1,1,0,0,1782,2232.0,107.0,360.0,1.0,0,1,Middle,21.106870919205434,1,0
579,LP002888,1,0,0,0,0,3182,2917.0,161.0,360.0,1.0,2,1,Higher,28.20460955234091,1,0
580,LP002892,1,1,2,0,0,6540,0.0,205.0,360.0,1.0,1,1,Higher,40.43513323831146,1,0
581,LP002893,1,0,0,0,0,1836,33837.0,90.0,360.0,1.0,2,0,Middle,21.42428528562855,1,0
582,LP002894,0,1,0,0,0,3166,0.0,36.0,360.0,1.0,1,1,Lower,28.1336097932704,1,0
583,LP002898,1,1,1,0,0,1880,0.0,61.0,360.0,1.0,0,0,Middle,21.6794833886788,1,0
584,LP002911,1,1,1,0,0,2787,1917.0,146.0,360.0,0.0,0,0,Middle,26.396022427631024,1,0
585,LP002912,1,1,1,0,0,4283,3000.0,172.0,84.0,1.0,0,0,Higher,32.72231654391235,1,0
586,LP002916,1,1,0,0,0,2297,1522.0,104.0,360.0,1.0,2,1,Middle,23.96351393264352,1,0
587,LP002917,0,0,0,1,0,2165,0.0,70.0,360.0,1.0,1,1,Middle,23.264780248263683,0,1
588,LP002925,1,0,0,0,0,4750,0.0,94.0,360.0,1.0,1,1,Middle,34.46012188022556,1,0
589,LP002926,1,1,2,0,1,2726,0.0,106.0,360.0,0.0,1,0,Middle,26.105554964413226,1,0
590,LP002928,1,1,0,0,0,3000,3416.0,56.0,180.0,1.0,1,1,Middle,27.386127875258307,1,0
591,LP002931,1,1,2,0,1,6000,0.0,205.0,240.0,1.0,1,0,Higher,38.72983346207417,1,0
592,LP002933,1,0,3,0,1,9357,0.0,292.0,360.0,1.0,1,1,Higher,48.36579369761237,1,0
593,LP002936,1,1,0,0,0,3859,3300.0,142.0,180.0,1.0,0,1,Middle,31.060424980994707,1,0
594,LP002938,1,1,0,0,1,16120,0.0,260.0,360.0,1.0,2,1,Higher,63.48228099241551,1,0
595,LP002940,1,0,0,1,0,3833,0.0,110.0,360.0,1.0,0,1,Middle,30.955613384328213,0,1
596,LP002941,1,1,2,1,1,6383,1000.0,187.0,360.0,1.0,0,0,Higher,39.946839674747736,0,1
597,LP002943,1,0,0,0,0,2987,0.0,88.0,360.0,0.0,1,0,Middle,27.326726843879417,1,0
598,LP002945,1,1,0,0,1,9963,0.0,180.0,360.0,1.0,0,1,Higher,49.907414278842374,1,0
599,LP002948,1,1,2,0,0,5780,0.0,192.0,360.0,1.0,2,1,Higher,38.01315561749642,1,0
600,LP002949,0,0,3,0,0,416,41667.0,350.0,180.0,1.0,2,0,Extreme,10.198039027185569,1,0
601,LP002950,1,1,0,1,0,2894,2792.0,155.0,360.0,1.0,0,1,Higher,26.89795531262553,0,1
602,LP002953,1,1,3,0,0,5703,0.0,128.0,360.0,1.0,2,1,Middle,37.7591048622713,1,0
603,LP002958,1,0,0,0,0,3676,4301.0,172.0,360.0,1.0,0,1,Higher,30.315012782448235,1,0
605,LP002960,1,1,0,1,0,2400,3800.0,120.0,180.0,1.0,2,0,Middle,24.49489742783178,0,1
606,LP002961,1,1,1,0,0,3400,2500.0,173.0,360.0,1.0,1,1,Higher,29.154759474226502,1,0
607,LP002964,1,1,2,1,0,3987,1411.0,157.0,360.0,1.0,0,1,Higher,31.571347769773784,0,1
608,LP002974,1,1,0,0,0,3232,1950.0,108.0,360.0,1.0,0,1,Middle,28.42534080710379,1,0
609,LP002978,0,0,0,0,0,2900,0.0,71.0,360.0,1.0,0,1,Middle,26.92582403567252,1,0
610,LP002979,1,1,3,0,0,4106,0.0,40.0,180.0,1.0,0,1,Lower,32.03903868720159,1,0
611,LP002983,1,1,1,0,0,8072,240.0,253.0,360.0,1.0,2,1,Higher,44.9221548904324,1,0
612,LP002984,1,1,2,0,0,7583,0.0,187.0,360.0,1.0,2,1,Higher,43.540211299441346,1,0
613,LP002990,0,0,0,0,1,4583,0.0,133.0,360.0,0.0,1,0,Middle,33.84892908202562,1,0
